frame,time,shoulder_pan_raw,shoulder_lift_raw,elbow_flex_raw,wrist_flex_raw,wrist_roll_raw,gripper_raw
0,0.0,2028,1745,2773,2247,864,1601
1,0.03333333333333333,2028,1745,2773,2247,864,1601
2,0.06666666666666667,2028,1745,2773,2247,864,1601
3,0.1,2028,1745,2773,2247,864,1601
4,0.13333333333333333,2028,1745,2773,2247,864,1601
5,0.16666666666666666,2028,1745,2773,2247,864,1601
6,0.2,2028,1745,2773,2247,864,1601
7,0.23333333333333334,2028,1745,2773,2247,864,1601
8,0.26666666666666666,2028,1745,2773,2247,864,1601
9,0.3,2028,1745,2773,2247,864,1601
10,0.3333333333333333,2028,1745,2773,2247,864,1601
11,0.36666666666666664,2028,1745,2773,2247,864,1601
12,0.4,2028,1745,2773,2247,864,1601
13,0.43333333333333335,2028,1745,2773,2247,864,1601
14,0.4666666666666667,2028,1745,2773,2247,864,1601
15,0.5,2028,1745,2773,2247,864,1601
16,0.5333333333333333,2028,1745,2773,2247,864,1601
17,0.5666666666666667,2028,1745,2773,2247,864,1601
18,0.6,2028,1745,2773,2247,864,1601
19,0.6333333333333333,2028,1745,2772,2247,864,1601
20,0.6666666666666666,2028,1745,2772,2247,864,1601
21,0.7,2028,1745,2772,2247,864,1601
22,0.7333333333333333,2028,1745,2772,2247,864,1601
23,0.7666666666666667,2028,1745,2772,2248,864,1601
24,0.8,2028,1745,2772,2248,864,1601
25,0.8333333333333334,2028,1745,2772,2248,864,1601
26,0.8666666666666667,2028,1745,2772,2248,864,1601
27,0.9,2028,1745,2772,2248,864,1601
28,0.9333333333333333,2028,1745,2772,2248,864,1601
29,0.9666666666666667,2028,1745,2772,2248,864,1601
30,1.0,2028,1745,2772,2248,864,1601
31,1.0333333333333334,2028,1745,2771,2250,864,1601
32,1.0666666666666667,2028,1745,2769,2251,864,1601
33,1.1,2028,1745,2769,2251,864,1601
34,1.1333333333333333,2028,1745,2769,2251,864,1601
35,1.1666666666666667,2028,1745,2769,2251,864,1601
36,1.2,2028,1745,2769,2251,864,1601
37,1.2333333333333334,2028,1745,2769,2252,864,1601
38,1.2666666666666666,2028,1745,2769,2252,864,1601
39,1.3,2028,1745,2769,2254,865,1601
40,1.3333333333333333,2028,1745,2769,2255,865,1601
41,1.3666666666666667,2028,1745,2768,2255,865,1601
42,1.4,2028,1745,2767,2259,866,1601
43,1.4333333333333333,2028,1745,2763,2270,870,1601
44,1.4666666666666666,2028,1745,2756,2289,878,1601
45,1.5,2029,1745,2751,2305,882,1601
46,1.5333333333333334,2029,1741,2750,2314,884,1601
47,1.5666666666666667,2029,1737,2747,2322,885,1601
48,1.6,2030,1732,2745,2329,885,1601
49,1.6333333333333333,2030,1728,2741,2338,885,1601
50,1.6666666666666667,2030,1723,2739,2350,885,1601
51,1.7,2031,1717,2735,2361,885,1601
52,1.7333333333333334,2031,1711,2734,2372,885,1601
53,1.7666666666666666,2031,1704,2731,2383,885,1601
54,1.8,2031,1697,2731,2393,885,1601
55,1.8333333333333333,2031,1689,2730,2402,885,1601
56,1.8666666666666667,2032,1680,2730,2412,886,1601
57,1.9,2032,1669,2729,2426,886,1601
58,1.9333333333333333,2032,1659,2726,2442,886,1601
59,1.9666666666666666,2032,1649,2724,2457,886,1601
60,2.0,2032,1638,2723,2472,887,1601
61,2.033333333333333,2032,1626,2721,2488,887,1601
62,2.066666666666667,2032,1615,2719,2504,889,1601
63,2.1,2032,1602,2717,2524,889,1601
64,2.1333333333333333,2032,1588,2713,2543,890,1601
65,2.1666666666666665,2032,1575,2710,2562,890,1601
66,2.2,2032,1562,2708,2575,890,1601
67,2.2333333333333334,2034,1552,2707,2589,890,1601
68,2.2666666666666666,2036,1544,2704,2600,890,1601
69,2.3,2037,1533,2704,2608,890,1601
70,2.3333333333333335,2039,1523,2704,2616,890,1601
71,2.3666666666666667,2041,1513,2704,2624,890,1601
72,2.4,2043,1502,2704,2632,890,1601
73,2.433333333333333,2044,1491,2704,2643,891,1601
74,2.466666666666667,2045,1479,2704,2651,891,1601
75,2.5,2046,1470,2704,2661,891,1601
76,2.533333333333333,2048,1461,2703,2670,891,1601
77,2.566666666666667,2049,1452,2699,2680,891,1601
78,2.6,2050,1441,2698,2689,891,1601
79,2.6333333333333333,2052,1428,2697,2698,891,1601
80,2.6666666666666665,2053,1414,2694,2706,890,1601
81,2.7,2056,1399,2693,2716,890,1601
82,2.7333333333333334,2057,1384,2692,2723,890,1601
83,2.7666666666666666,2059,1368,2688,2731,890,1601
84,2.8,2061,1356,2682,2738,890,1601
85,2.8333333333333335,2061,1344,2674,2747,890,1601
86,2.8666666666666667,2062,1331,2666,2753,887,1601
87,2.9,2064,1321,2653,2761,885,1601
88,2.933333333333333,2068,1312,2640,2770,884,1601
89,2.966666666666667,2069,1305,2630,2774,880,1601
90,3.0,2073,1299,2618,2779,876,1601
91,3.033333333333333,2074,1294,2608,2781,876,1601
92,3.066666666666667,2074,1287,2599,2781,873,1601
93,3.1,2074,1280,2589,2781,870,1601
94,3.1333333333333333,2074,1274,2581,2781,870,1601
95,3.1666666666666665,2074,1270,2570,2781,869,1601
96,3.2,2074,1262,2562,2782,869,1601
97,3.2333333333333334,2075,1252,2559,2777,869,1601
98,3.2666666666666666,2077,1243,2554,2775,864,1601
99,3.3,2079,1237,2546,2775,864,1601
100,3.3333333333333335,2079,1226,2544,2773,864,1601
101,3.3666666666666667,2079,1210,2544,2764,859,1601
102,3.4,2079,1196,2544,2758,853,1601
103,3.433333333333333,2079,1184,2541,2754,847,1601
104,3.466666666666667,2079,1173,2541,2749,843,1601
105,3.5,2079,1163,2541,2745,843,1601
106,3.533333333333333,2079,1157,2535,2747,843,1601
107,3.566666666666667,2079,1153,2528,2753,843,1601
108,3.6,2079,1150,2520,2759,843,1601
109,3.6333333333333333,2079,1150,2511,2771,846,1601
110,3.6666666666666665,2079,1152,2498,2790,852,1601
111,3.7,2080,1152,2485,2808,858,1601
112,3.7333333333333334,2084,1152,2471,2829,862,1601
113,3.7666666666666666,2089,1152,2456,2848,864,1601
114,3.8,2093,1151,2444,2865,864,1601
115,3.8333333333333335,2094,1145,2431,2876,864,1601
116,3.8666666666666667,2094,1136,2423,2881,864,1601
117,3.9,2094,1126,2418,2881,864,1601
118,3.933333333333333,2094,1116,2413,2876,864,1601
119,3.966666666666667,2094,1106,2410,2868,863,1601
120,4.0,2094,1098,2405,2862,857,1601
121,4.033333333333333,2094,1090,2404,2852,849,1601
122,4.066666666666666,2094,1082,2402,2835,837,1601
123,4.1,2093,1076,2402,2819,826,1601
124,4.133333333333334,2092,1072,2401,2807,819,1601
125,4.166666666666667,2089,1068,2399,2796,816,1601
126,4.2,2085,1062,2399,2790,816,1601
127,4.233333333333333,2080,1057,2399,2781,816,1601
128,4.266666666666667,2077,1055,2399,2768,816,1601
129,4.3,2077,1054,2399,2749,815,1601
130,4.333333333333333,2074,1053,2399,2728,810,1601
131,4.366666666666666,2070,1051,2402,2707,807,1601
132,4.4,2066,1046,2410,2682,805,1601
133,4.433333333333334,2061,1041,2418,2656,800,1601
134,4.466666666666667,2057,1035,2428,2632,794,1601
135,4.5,2056,1028,2439,2603,784,1601
136,4.533333333333333,2053,1023,2447,2578,779,1601
137,4.566666666666666,2051,1021,2450,2557,775,1601
138,4.6,2048,1020,2455,2538,772,1601
139,4.633333333333334,2044,1018,2455,2525,769,1601
140,4.666666666666667,2039,1014,2461,2504,768,1601
141,4.7,2036,1010,2469,2480,768,1601
142,4.733333333333333,2035,1005,2477,2455,766,1601
143,4.766666666666667,2034,999,2487,2428,761,1601
144,4.8,2033,995,2495,2404,757,1601
145,4.833333333333333,2031,990,2508,2378,757,1601
146,4.866666666666666,2031,985,2523,2348,757,1601
147,4.9,2030,977,2541,2318,757,1601
148,4.933333333333334,2028,970,2557,2291,757,1601
149,4.966666666666667,2026,963,2573,2264,757,1601
150,5.0,2025,955,2592,2230,757,1601
151,5.033333333333333,2024,947,2613,2196,757,1601
152,5.066666666666666,2023,940,2627,2167,757,1601
153,5.1,2021,934,2645,2132,757,1601
154,5.133333333333334,2018,928,2656,2102,757,1601
155,5.166666666666667,2014,924,2667,2075,757,1601
156,5.2,2010,922,2677,2046,757,1601
157,5.233333333333333,2006,920,2685,2018,757,1601
158,5.266666666666667,2001,920,2688,1996,756,1601
159,5.3,1996,920,2696,1966,756,1601
160,5.333333333333333,1991,919,2703,1935,756,1601
161,5.366666666666666,1987,917,2710,1907,756,1601
162,5.4,1980,914,2719,1877,756,1601
163,5.433333333333334,1975,911,2726,1849,756,1601
164,5.466666666666667,1971,906,2731,1833,756,1601
165,5.5,1968,901,2740,1810,756,1601
166,5.533333333333333,1965,897,2751,1780,756,1601
167,5.566666666666666,1960,891,2765,1749,757,1601
168,5.6,1956,883,2778,1721,757,1601
169,5.633333333333334,1954,875,2794,1689,757,1601
170,5.666666666666667,1953,867,2810,1654,757,1601
171,5.7,1950,859,2825,1623,757,1601
172,5.733333333333333,1950,857,2841,1583,761,1601
173,5.766666666666667,1950,857,2853,1545,762,1601
174,5.8,1950,857,2863,1518,762,1601
175,5.833333333333333,1950,857,2869,1497,762,1601
176,5.866666666666666,1950,857,2875,1476,762,1601
177,5.9,1950,857,2880,1457,762,1601
178,5.933333333333334,1950,857,2880,1441,762,1601
179,5.966666666666667,1949,857,2880,1430,763,1601
180,6.0,1947,857,2881,1417,764,1601
181,6.033333333333333,1942,857,2885,1404,766,1601
182,6.066666666666666,1936,857,2887,1390,768,1601
183,6.1,1929,857,2891,1376,771,1601
184,6.133333333333334,1923,857,2896,1361,772,1601
185,6.166666666666667,1918,858,2901,1345,773,1601
186,6.2,1912,858,2906,1331,773,1601
187,6.233333333333333,1908,858,2912,1318,773,1601
188,6.266666666666667,1905,858,2918,1305,773,1601
189,6.3,1902,857,2926,1293,773,1601
190,6.333333333333333,1901,857,2933,1277,773,1601
191,6.366666666666666,1900,857,2940,1261,773,1601
192,6.4,1900,857,2948,1245,773,1601
193,6.433333333333334,1900,857,2955,1229,773,1601
194,6.466666666666667,1900,857,2963,1213,773,1601
195,6.5,1900,857,2971,1198,773,1601
196,6.533333333333333,1901,857,2980,1179,773,1601
197,6.566666666666666,1904,857,2987,1158,775,1601
198,6.6,1906,857,2997,1137,778,1601
199,6.633333333333334,1906,857,3006,1114,784,1601
200,6.666666666666667,1910,857,3014,1089,789,1601
201,6.7,1915,857,3025,1066,794,1601
202,6.733333333333333,1918,857,3035,1042,798,1601
203,6.766666666666667,1921,857,3042,1023,800,1601
204,6.8,1925,857,3050,1003,801,1601
205,6.833333333333333,1930,857,3056,985,803,1601
206,6.866666666666666,1932,857,3060,969,804,1601
207,6.9,1934,857,3060,966,810,1601
208,6.933333333333334,1934,857,3060,964,815,1601
209,6.966666666666667,1935,857,3060,960,820,1601
210,7.0,1935,857,3060,955,827,1601
211,7.033333333333333,1936,857,3060,946,832,1601
212,7.066666666666666,1943,857,3061,937,832,1601
213,7.1,1958,857,3061,924,832,1601
214,7.133333333333334,1976,857,3061,912,832,1601
215,7.166666666666667,1996,857,3061,896,832,1601
216,7.2,2015,857,3061,880,832,1601
217,7.233333333333333,2024,857,3061,865,832,1601
218,7.266666666666667,2025,857,3061,850,841,1601
219,7.3,2025,857,3062,836,843,1601
220,7.333333333333333,2025,857,3062,822,847,1601
221,7.366666666666666,2025,857,3062,811,855,1601
222,7.4,2025,856,3062,798,864,1601
223,7.433333333333334,2025,856,3062,783,871,1601
224,7.466666666666667,2026,856,3062,772,880,1601
225,7.5,2026,856,3062,769,896,1601
226,7.533333333333333,2026,856,3062,766,907,1601
227,7.566666666666666,2026,856,3062,764,917,1601
228,7.6,2026,856,3062,764,927,1601
229,7.633333333333334,2026,856,3062,764,933,1601
230,7.666666666666667,2026,856,3062,764,941,1601
231,7.7,2026,856,3062,764,955,1601
232,7.733333333333333,2026,856,3062,764,970,1601
233,7.766666666666667,2026,856,3062,764,982,1601
234,7.8,2026,856,3062,764,986,1601
235,7.833333333333333,2026,856,3062,764,986,1601
236,7.866666666666666,2026,856,3062,764,986,1601
237,7.9,2026,856,3062,764,986,1601
238,7.933333333333334,2026,856,3062,764,987,1601
239,7.966666666666667,2026,856,3062,764,987,1601
240,8.0,2026,856,3062,764,987,1601
241,8.033333333333333,2026,856,3062,764,987,1601
242,8.066666666666666,2026,856,3062,764,986,1601
243,8.1,2026,856,3062,763,973,1601
244,8.133333333333333,2026,856,3062,763,955,1601
245,8.166666666666666,2026,856,3062,763,944,1601
246,8.2,2026,856,3062,763,943,1601
247,8.233333333333333,2026,856,3062,763,943,1601
248,8.266666666666667,2026,856,3062,763,943,1601
249,8.3,2026,856,3063,763,941,1601
250,8.333333333333334,2026,856,3063,763,940,1601
251,8.366666666666667,2026,856,3065,762,940,1601
252,8.4,2026,856,3066,762,938,1601
253,8.433333333333334,2026,856,3066,762,935,1601
254,8.466666666666667,2026,856,3066,762,934,1601
255,8.5,2026,856,3066,762,934,1601
256,8.533333333333333,2026,856,3066,762,930,1601
257,8.566666666666666,2026,856,3067,762,918,1601
258,8.6,2026,856,3067,762,895,1601
259,8.633333333333333,2026,856,3067,762,876,1601
260,8.666666666666666,2026,856,3067,762,854,1601
261,8.7,2026,856,3067,762,832,1601
262,8.733333333333333,2026,856,3067,762,812,1601
263,8.766666666666667,2026,856,3067,762,789,1601
264,8.8,2026,856,3067,762,773,1601
265,8.833333333333334,2026,856,3067,762,762,1601
266,8.866666666666667,2026,856,3067,762,756,1601
267,8.9,2026,856,3067,762,753,1601
268,8.933333333333334,2026,856,3067,762,752,1601
269,8.966666666666667,2026,856,3067,762,752,1601
270,9.0,2026,856,3067,762,753,1601
271,9.033333333333333,2026,856,3067,762,755,1601
272,9.066666666666666,2026,856,3067,762,755,1601
273,9.1,2026,856,3067,762,755,1601
274,9.133333333333333,2026,856,3067,762,755,1601
275,9.166666666666666,2026,856,3067,762,755,1601
276,9.2,2026,856,3067,762,755,1601
277,9.233333333333333,2026,856,3067,762,755,1601
278,9.266666666666667,2026,856,3067,762,755,1601
279,9.3,2026,856,3067,762,755,1601
280,9.333333333333334,2026,856,3067,762,755,1601
281,9.366666666666667,2026,856,3067,762,755,1601
282,9.4,2026,856,3067,762,755,1601
283,9.433333333333334,2026,856,3067,762,755,1601
284,9.466666666666667,2026,856,3067,762,755,1601
285,9.5,2026,856,3067,762,755,1601
286,9.533333333333333,2026,856,3067,762,755,1601
287,9.566666666666666,2026,856,3067,762,755,1601
288,9.6,2026,856,3067,762,756,1601
289,9.633333333333333,2026,856,3067,762,756,1601
290,9.666666666666666,2026,856,3067,762,756,1601
291,9.7,2026,856,3067,762,756,1601
292,9.733333333333333,2026,856,3067,762,756,1601
293,9.766666666666667,2026,856,3067,762,756,1601
294,9.8,2026,856,3067,762,756,1601
295,9.833333333333334,2026,856,3067,762,756,1601
296,9.866666666666667,2026,856,3067,762,756,1601
297,9.9,2026,856,3067,762,756,1601
298,9.933333333333334,2026,856,3067,762,756,1601
299,9.966666666666667,2026,856,3067,762,756,1601
